Truth,Predictions
-0.7477526068687439,-0.3148844838142395
-0.5868024826049805,0.30960485339164734
0.7007986903190613,0.1129458025097847
0.7007986903190613,-0.46034014225006104
-1.0696529150009155,-0.48571836948394775
0.7007986903190613,0.35763561725616455
-1.2306030988693237,-0.48558419942855835
-0.7477526068687439,-0.38050922751426697
-0.7477526068687439,-0.4609338641166687
-1.0696529150009155,-0.4741949141025543
-0.9087027907371521,-0.43637320399284363
-1.0696529150009155,-0.4471887946128845
-1.0696529150009155,-0.31541645526885986
-1.0696529150009155,-0.6835816502571106
0.2179483026266098,-0.40398746728897095
-0.7477526068687439,-0.6675786375999451
1.8274497985839844,0.31791138648986816
-1.0696529150009155,-0.7440700531005859
0.7007986903190613,0.1747879683971405
-1.0696529150009155,-0.5731649994850159
0.8617488145828247,-0.16733115911483765
0.7007986903190613,0.19056721031665802
0.3788984417915344,0.20405364036560059
-1.0696529150009155,-0.3838086724281311
-1.2306030988693237,-0.6696184277534485
2.310300350189209,0.24164685606956482
-0.9087027907371521,-0.1327279806137085
-1.0696529150009155,-0.536737322807312
-1.0696529150009155,-0.5446291565895081
0.8617488145828247,-0.05301032215356827
-0.7477526068687439,-0.8216201066970825
-1.0696529150009155,-0.5325192809104919
1.0226991176605225,0.48933398723602295
-0.9087027907371521,-0.5731068849563599
0.7007986903190613,0.040919095277786255
-1.0696529150009155,-0.3279072940349579
-0.9087027907371521,-0.5100612044334412
-1.0696529150009155,-0.5869084000587463
0.2179483026266098,-0.5875198245048523
-0.9087027907371521,-0.332267165184021
-0.9087027907371521,-0.4009152352809906
-1.0696529150009155,-0.2906860411167145
-0.9087027907371521,-0.022699331864714622
0.3788984417915344,-0.34583109617233276
1.0226991176605225,0.16008172929286957
0.7007986903190613,-0.5123724341392517
0.5398485660552979,0.21351972222328186
1.0226991176605225,0.2916021943092346
0.8617488145828247,0.24248769879341125
1.3445994853973389,0.19109846651554108
-1.0696529150009155,-0.5410152077674866
-0.9087027907371521,-0.6114721894264221
1.9883999824523926,-0.23336532711982727
0.8617488145828247,-0.2887125015258789
0.8617488145828247,0.04417635127902031
-0.9087027907371521,-0.6459379196166992
0.8617488145828247,0.40738964080810547
0.7007986903190613,0.2570491135120392
-0.9087027907371521,-0.4414784610271454
0.5398485660552979,0.35166406631469727
0.7007986903190613,0.26628512144088745
0.7007986903190613,0.27230802178382874
-0.9087027907371521,-0.42567721009254456
0.8617488145828247,0.3122047781944275
0.8617488145828247,0.2467672973871231
0.2179483026266098,-0.45605596899986267
-1.0696529150009155,-0.5101472735404968
1.0226991176605225,0.31158581376075745
-0.9087027907371521,-0.5954774618148804
1.0226991176605225,0.21053606271743774
-0.9087027907371521,-0.6112870573997498
1.0226991176605225,0.10155969113111496
0.8617488145828247,0.25939851999282837
-0.7477526068687439,-0.6292367577552795
-0.9087027907371521,-0.6199148297309875
0.3788984417915344,-0.4072631597518921
0.8617488145828247,0.03638499230146408
-0.9087027907371521,-0.6029885411262512
1.0226991176605225,0.2758103907108307
-0.9087027907371521,-0.5870828032493591
0.5398485660552979,0.28117573261260986
-0.9087027907371521,-0.5210120677947998
-0.5868024826049805,-0.6476801037788391
0.8617488145828247,0.036086320877075195
-0.7477526068687439,-0.5444861054420471
3.115051031112671,0.2828734815120697
0.8617488145828247,0.246018648147583
-1.0696529150009155,-0.6328665614128113
-1.0696529150009155,-0.49520593881607056
0.5398485660552979,0.21851292252540588
-1.0696529150009155,-0.18767963349819183
0.8617488145828247,0.05191907286643982
0.2179483026266098,-0.4462645351886749
1.0226991176605225,0.3416866660118103
-1.0696529150009155,-0.46816638112068176
-0.9087027907371521,-0.6828903555870056
-1.0696529150009155,-0.5105205178260803
-1.0696529150009155,-0.4434436857700348
1.0226991176605225,0.3564442992210388
0.8617488145828247,0.3114924430847168
0.8617488145828247,0.3514389991760254
0.8617488145828247,0.3216858506202698
-0.7477526068687439,-0.4141576588153839
1.0226991176605225,0.24494032561779022
-0.7477526068687439,0.24640442430973053
-0.7477526068687439,-0.4783950448036194
0.7007986903190613,-0.5440599918365479
-1.0696529150009155,-0.7137894630432129
0.7007986903190613,0.35630589723587036
-0.7477526068687439,-0.5070463418960571
1.5055495500564575,0.2355363368988037
-0.9087027907371521,-0.6673842072486877
0.7007986903190613,0.41079461574554443
1.0226991176605225,0.24597424268722534
0.8617488145828247,0.12167975306510925
-0.7477526068687439,-0.6654825210571289
0.8617488145828247,0.3343396484851837
-0.42585232853889465,-0.17160066962242126
1.0226991176605225,0.3295031785964966
-0.5868024826049805,-0.5020262598991394
-0.9087027907371521,-0.7081326842308044
-0.5868024826049805,-0.589810311794281
-0.7477526068687439,-0.5235474705696106
0.8617488145828247,-0.6690332293510437
0.8617488145828247,0.16933894157409668
-0.9087027907371521,-0.23047327995300293
-0.10395195335149765,-0.23774617910385132
-0.9087027907371521,-0.5884965062141418
0.8617488145828247,0.12215960025787354
0.8617488145828247,-0.4410041868686676
-0.7477526068687439,-0.4353282153606415
0.7007986903190613,0.1655038744211197
0.7007986903190613,-0.10213474184274673
-0.9087027907371521,-0.8061085343360901
-1.0696529150009155,-0.5483914017677307
-0.7477526068687439,-0.620573103427887
0.7007986903190613,0.0509013906121254
-0.9087027907371521,-0.15207792818546295
0.8617488145828247,0.330679327249527
1.0226991176605225,0.052895404398441315
-0.7477526068687439,-0.5946059823036194
0.7007986903190613,0.3152860701084137
0.8617488145828247,0.44190308451652527
-0.9087027907371521,-0.6691949963569641
0.7007986903190613,0.45331239700317383
0.8617488145828247,0.3131715655326843
-0.42585232853889465,0.3935823440551758
0.7007986903190613,0.29415562748908997
1.0226991176605225,0.2934443950653076
0.8617488145828247,0.3534524738788605
0.8617488145828247,0.07465019822120667
-0.9087027907371521,-0.655079185962677
1.0226991176605225,0.05924178659915924
-0.5868024826049805,-0.4814441204071045
-1.0696529150009155,-0.6471923589706421
0.7007986903190613,0.19256561994552612
-0.7477526068687439,-0.7914811968803406
-0.10395195335149765,-0.4995209574699402
-0.9087027907371521,-0.6219523549079895
0.7007986903190613,0.28612011671066284
0.8617488145828247,-0.0008221343159675598
0.8617488145828247,0.1899932473897934
0.8617488145828247,0.32646360993385315
-1.0696529150009155,-0.34888923168182373
-1.0696529150009155,-0.5143042802810669
0.7007986903190613,0.031583480536937714
-0.9087027907371521,-0.28218725323677063
-0.9087027907371521,-0.40546396374702454
-1.2306030988693237,-0.2661398649215698
0.8617488145828247,0.04726944863796234
-0.7477526068687439,-0.3473922908306122
-1.0696529150009155,-0.6417271494865417
1.0226991176605225,0.41859325766563416
0.8617488145828247,-0.1382165253162384
0.8617488145828247,0.3669437766075134
0.056998174637556076,-0.2733643054962158
-1.0696529150009155,-0.3306489884853363
-0.9087027907371521,-0.21177758276462555
-0.9087027907371521,-0.5456419587135315
-0.42585232853889465,-0.28278160095214844
-0.7477526068687439,-0.6216961741447449
1.0226991176605225,0.1577768176794052
0.2179483026266098,0.1477603018283844
-1.2306030988693237,-0.332488477230072
1.0226991176605225,0.2300589680671692
0.8617488145828247,0.28636786341667175
-1.0696529150009155,-0.3990478515625
0.5398485660552979,0.3264789581298828
-1.0696529150009155,-0.5584256052970886
0.8617488145828247,-0.42275047302246094
-0.7477526068687439,-0.5476285219192505
0.7007986903190613,0.15166671574115753
0.3788984417915344,-0.7879175543785095
0.5398485660552979,0.25258415937423706
-0.9087027907371521,-0.17118561267852783
0.7007986903190613,0.012678273022174835
1.0226991176605225,-0.46854111552238464
-1.0696529150009155,-0.39322391152381897
0.5398485660552979,0.36814743280410767
0.5398485660552979,0.15510036051273346
-1.2306030988693237,-0.05904954671859741
0.8617488145828247,0.4244285225868225
1.0226991176605225,0.2641699016094208
0.8617488145828247,0.004706667736172676
1.0226991176605225,0.26328277587890625
0.7007986903190613,0.3865396976470947
-0.9087027907371521,-0.5751233696937561
0.7007986903190613,0.3153633177280426
0.8617488145828247,0.2699281871318817
-1.0696529150009155,-0.4746089577674866
-0.5868024826049805,-0.3644728660583496
0.7007986903190613,0.2558707594871521
0.8617488145828247,0.2471495270729065
0.8617488145828247,-0.2767750918865204
1.0226991176605225,0.05773913115262985
-0.5868024826049805,-0.5336864590644836
0.8617488145828247,0.05312962085008621
-0.7477526068687439,-0.4676992893218994
0.8617488145828247,0.28771522641181946
1.1836493015289307,0.28304722905158997
1.0226991176605225,0.16905343532562256
2.6322009563446045,-0.04743799567222595
-0.7477526068687439,-0.5499439835548401
0.5398485660552979,0.3363736867904663
0.7007986903190613,0.1143321618437767
-0.9087027907371521,-0.6442957520484924
-0.9087027907371521,-0.6557636260986328
0.7007986903190613,-0.6179682612419128
-1.0696529150009155,-0.3598766028881073
-0.2649022042751312,-0.4862438440322876
-0.7477526068687439,-0.6936200261116028
0.8617488145828247,-0.28328192234039307
-1.0696529150009155,-0.10939230024814606
0.5398485660552979,0.1712241917848587
-0.9087027907371521,-0.623107373714447
-0.7477526068687439,-0.33804643154144287
-0.7477526068687439,-0.7603651881217957
0.7007986903190613,-0.01034955121576786
-0.7477526068687439,-0.4145694673061371
0.7007986903190613,0.1438123732805252
0.5398485660552979,-0.10827530920505524
0.8617488145828247,0.3676051199436188
0.8617488145828247,0.344684898853302
1.0226991176605225,0.33304283022880554
-0.9087027907371521,-0.440915048122406
0.8617488145828247,0.3950754404067993
0.3788984417915344,-0.3602195680141449
-0.7477526068687439,-0.37627479434013367
-0.9087027907371521,-0.6077902913093567
-0.5868024826049805,0.3636966645717621
-0.42585232853889465,0.3804119825363159
-0.7477526068687439,-0.591430127620697
0.8617488145828247,-0.47569918632507324
-1.2306030988693237,-0.5859501957893372
-0.5868024826049805,-0.2844380736351013
-0.7477526068687439,-0.6583150625228882
-0.9087027907371521,-0.7225622534751892
-0.9087027907371521,-0.569223165512085
1.9883999824523926,0.3086623549461365
-0.9087027907371521,-0.6188482642173767
-0.5868024826049805,-0.027444982901215553
-1.0696529150009155,-0.522609293460846
-0.7477526068687439,-0.5542696714401245
-0.7477526068687439,-0.4943147301673889
-0.9087027907371521,-0.48077380657196045
1.0226991176605225,0.301052987575531
-0.9087027907371521,-0.6133827567100525
1.0226991176605225,0.3447114825248718
0.5398485660552979,0.17707595229148865
0.5398485660552979,0.31612372398376465
0.8617488145828247,0.34580373764038086
-0.7477526068687439,-0.4347466230392456
0.7007986903190613,0.02323584072291851
-0.9087027907371521,-0.4162733852863312
0.5398485660552979,-0.009838318452239037
-0.5868024826049805,-0.5329819321632385
0.8617488145828247,0.27192676067352295
0.8617488145828247,0.3585546314716339
0.056998174637556076,0.3122607469558716
-0.7477526068687439,-0.16203731298446655
-0.7477526068687439,-0.45799699425697327
-0.9087027907371521,-0.6213425993919373
0.8617488145828247,0.26635175943374634
-0.7477526068687439,-0.5814430117607117
0.8617488145828247,0.13400670886039734
-0.7477526068687439,-0.5190974473953247
-0.7477526068687439,-0.3136196732521057
1.3445994853973389,0.34564533829689026
0.5398485660552979,0.17997905611991882
2.310300350189209,0.3254120945930481
-0.9087027907371521,-0.6854857802391052
-0.9087027907371521,-0.09941418468952179
-0.9087027907371521,-0.4439387619495392
0.8617488145828247,0.21887367963790894
2.9541008472442627,-0.3602009117603302
0.8617488145828247,0.0804101899266243
0.8617488145828247,0.2632203698158264
-0.9087027907371521,-0.6295776963233948
-0.7477526068687439,-0.3377780616283417
-0.7477526068687439,-0.20338287949562073
-0.9087027907371521,-0.44004300236701965
1.3445994853973389,0.3374652862548828
-1.0696529150009155,-0.5454111695289612
0.8617488145828247,0.3051498532295227
3.276001214981079,0.1505756825208664
0.7007986903190613,-0.5549997687339783
0.8617488145828247,0.1606290489435196
-1.0696529150009155,-0.34323808550834656
-1.0696529150009155,-0.305431604385376
-1.2306030988693237,-0.5431068539619446
1.0226991176605225,0.2276979386806488
0.7007986903190613,0.44560179114341736
-0.9087027907371521,-0.6158163547515869
-0.9087027907371521,-0.5907292366027832
0.8617488145828247,0.06158670783042908
-0.7477526068687439,-0.5147332549095154
-0.7477526068687439,-0.4774806499481201
-1.2306030988693237,-0.22266070544719696
0.8617488145828247,-0.10842187702655792
0.8617488145828247,0.09524937719106674
-1.0696529150009155,-0.28897348046302795
-0.7477526068687439,-0.4490180015563965
0.7007986903190613,-0.20980408787727356
1.0226991176605225,0.24165141582489014
-1.0696529150009155,-0.6582505106925964
-0.9087027907371521,-0.5182279348373413
0.7007986903190613,0.2978326380252838
0.7007986903190613,-0.20997172594070435
0.8617488145828247,0.23346395790576935
1.0226991176605225,-0.4919278025627136
-0.9087027907371521,-0.7285884618759155
-0.42585232853889465,0.4365949034690857
0.8617488145828247,0.2877342104911804
0.5398485660552979,0.3719404637813568
1.0226991176605225,0.3003476560115814
-0.5868024826049805,-0.09935621917247772
-0.7477526068687439,-0.6521380543708801
-0.7477526068687439,0.3621719479560852
1.0226991176605225,0.18490181863307953
-1.0696529150009155,-0.5747969746589661
-0.9087027907371521,-0.5223708152770996
-0.7477526068687439,-0.4517325758934021
-1.2306030988693237,-0.23276293277740479
1.0226991176605225,0.025768227875232697
-0.9087027907371521,-0.6530794501304626
-1.0696529150009155,-0.7397512197494507
-1.0696529150009155,-0.8279383778572083
0.7007986903190613,0.2538178861141205
-0.9087027907371521,-0.23389342427253723
-0.9087027907371521,-0.47083228826522827
0.8617488145828247,0.36546561121940613
-1.0696529150009155,-0.5624179840087891
-1.2306030988693237,-0.3960215449333191
-1.0696529150009155,-0.48690468072891235
0.8617488145828247,0.24738386273384094
0.8617488145828247,0.053598351776599884
1.0226991176605225,0.2550622224807739
-1.0696529150009155,-0.6501650810241699
0.5398485660552979,-0.42917782068252563
0.5398485660552979,0.21947328746318817
0.5398485660552979,-0.38452252745628357
2.9541008472442627,0.3093087375164032
1.0226991176605225,0.37472859025001526
-1.0696529150009155,-0.5523651242256165
1.0226991176605225,0.11497812718153
-0.7477526068687439,-0.6443659067153931
0.056998174637556076,0.034341055899858475
-1.0696529150009155,-0.726270318031311
0.8617488145828247,-0.5966432094573975
-0.5868024826049805,-0.39604198932647705
0.7007986903190613,-0.48320209980010986
-1.0696529150009155,-0.1721692830324173
0.8617488145828247,0.25435298681259155
-0.7477526068687439,0.42701154947280884
1.6664997339248657,0.05958074331283569
-1.2306030988693237,-0.49341875314712524
-1.2306030988693237,0.2353072613477707
-0.9087027907371521,-0.23469620943069458
-1.0696529150009155,-0.5211907029151917
-0.9087027907371521,-0.5613152384757996
0.7007986903190613,0.36271774768829346
-0.5868024826049805,-0.49719709157943726
0.8617488145828247,0.2118840515613556
1.0226991176605225,0.3800705373287201
-0.9087027907371521,-0.33098194003105164
0.8617488145828247,0.09460245072841644
1.1836493015289307,0.2296682596206665
-0.9087027907371521,-0.6214449405670166
0.7007986903190613,0.11615008860826492
0.2179483026266098,-0.631981611251831
1.3445994853973389,0.20240281522274017
-1.0696529150009155,-0.5304877161979675
0.7007986903190613,0.0955890417098999
0.8617488145828247,0.22656624019145966
0.7007986903190613,0.27244552969932556
1.0226991176605225,0.321724534034729
-1.2306030988693237,-0.5349174737930298
-0.9087027907371521,-0.41142573952674866
-0.9087027907371521,-0.49926257133483887
0.7007986903190613,-0.1988610327243805
-1.0696529150009155,-0.6026692390441895
-0.9087027907371521,-0.695115864276886
0.7007986903190613,0.3525020182132721
-1.0696529150009155,-0.6369460225105286
-0.9087027907371521,-0.011922990903258324
-1.2306030988693237,-0.23633283376693726
1.3445994853973389,0.539466381072998
0.7007986903190613,0.08132483065128326
-0.9087027907371521,-0.06935212761163712
-0.9087027907371521,-0.4024662673473358
0.5398485660552979,-0.10470227897167206
-0.9087027907371521,-0.4531215727329254
-0.9087027907371521,-0.7628102898597717
-0.7477526068687439,-0.5430011749267578
0.5398485660552979,-0.433366984128952
-0.9087027907371521,-0.5904944539070129
-1.0696529150009155,-0.6030963063240051
-0.5868024826049805,-0.4540863633155823
-0.7477526068687439,-0.4078294634819031
0.7007986903190613,0.37388932704925537
-1.2306030988693237,-0.4076657295227051
0.8617488145828247,0.3094898462295532
0.7007986903190613,-0.28369152545928955
-0.9087027907371521,-0.4698867201805115
0.8617488145828247,-0.22775819897651672
-0.9087027907371521,-0.4533475339412689
-0.7477526068687439,-0.34052062034606934
-0.7477526068687439,-0.5847284197807312
-1.0696529150009155,-0.7474357485771179
-0.9087027907371521,-0.5613402724266052
-0.7477526068687439,-0.4978558421134949
-0.9087027907371521,-0.7097411751747131
-0.7477526068687439,-0.566194474697113
0.7007986903190613,0.5443041324615479
-0.7477526068687439,-0.34665629267692566
0.5398485660552979,-0.13399286568164825
-0.9087027907371521,-0.3588927388191223
1.0226991176605225,-0.050154998898506165
-0.7477526068687439,-0.6199162006378174
-1.0696529150009155,-0.13593553006649017
0.8617488145828247,-0.49485599994659424
-1.0696529150009155,-0.4531685709953308
-0.9087027907371521,-0.21501338481903076
1.0226991176605225,0.4482092559337616
0.8617488145828247,0.38577669858932495
1.0226991176605225,0.17420880496501923
1.0226991176605225,0.34329280257225037
0.7007986903190613,0.2572421431541443
0.8617488145828247,0.16714952886104584
-0.7477526068687439,-0.4869384765625
-0.5868024826049805,-0.6033250093460083
-1.0696529150009155,-0.374076783657074
-0.7477526068687439,-0.5798919796943665
0.8617488145828247,0.275575190782547
0.7007986903190613,0.13970810174942017
-0.9087027907371521,-0.4577013850212097
-0.9087027907371521,-0.5975988507270813
-0.9087027907371521,-0.48861849308013916
1.0226991176605225,0.3854658603668213
-0.7477526068687439,-0.5332687497138977
0.5398485660552979,-0.09293267875909805
0.7007986903190613,0.22809818387031555
-1.0696529150009155,-0.544983983039856
-0.7477526068687439,-0.3534477949142456
1.0226991176605225,0.2648172974586487
0.8617488145828247,0.296509712934494
-0.9087027907371521,-0.5579372048377991
1.0226991176605225,0.3981991410255432
-1.0696529150009155,-0.6377591490745544
0.8617488145828247,0.18133999407291412
-0.9087027907371521,-0.40103957056999207
-0.7477526068687439,-0.7160783410072327
1.0226991176605225,0.06183627247810364
0.8617488145828247,0.2625153660774231
1.0226991176605225,0.36799949407577515
-0.7477526068687439,0.2994275987148285
-0.9087027907371521,-0.5844379663467407
-0.7477526068687439,-0.5417812466621399
1.0226991176605225,0.1386357843875885
1.0226991176605225,0.13575534522533417
-1.0696529150009155,-0.5118206143379211
-0.9087027907371521,-0.5508794188499451
0.7007986903190613,0.264475554227829
-0.9087027907371521,-0.603732168674469
-0.2649022042751312,0.3500305712223053
0.5398485660552979,0.048658452928066254
-1.2306030988693237,-0.646938681602478
0.7007986903190613,-0.3424743413925171
0.8617488145828247,0.2860563397407532
1.1836493015289307,0.19029441475868225
1.0226991176605225,0.040485531091690063
-0.9087027907371521,-0.5915747880935669
1.0226991176605225,0.29219546914100647
0.8617488145828247,-0.14158818125724792
1.5055495500564575,0.2779070734977722
0.8617488145828247,0.30293941497802734
-1.0696529150009155,-0.5498409867286682
0.5398485660552979,0.1643742024898529
-0.9087027907371521,-0.4277900457382202
0.5398485660552979,0.1489720642566681
-0.9087027907371521,-0.6008542776107788
-0.9087027907371521,-0.5746439695358276
-0.5868024826049805,-0.2803212106227875
-1.2306030988693237,-0.7654150128364563
-0.9087027907371521,-0.627274751663208
0.5398485660552979,0.15721207857131958
0.5398485660552979,0.2220151722431183
-0.7477526068687439,-0.6287587285041809
0.7007986903190613,0.2280101627111435
0.8617488145828247,0.18089744448661804
0.8617488145828247,0.40575242042541504
0.7007986903190613,0.07489241659641266
-0.9087027907371521,-0.5621432065963745
0.7007986903190613,0.41254541277885437
0.7007986903190613,0.17670996487140656
0.7007986903190613,0.38462918996810913
-0.7477526068687439,-0.758851170539856
0.7007986903190613,0.48479801416397095
0.7007986903190613,0.410580575466156
-0.42585232853889465,0.25601252913475037
-1.2306030988693237,-0.5355060696601868
1.0226991176605225,0.22603830695152283
0.8617488145828247,0.017230570316314697
-0.7477526068687439,-0.366085022687912
-0.9087027907371521,-0.3043743371963501
-1.2306030988693237,-0.536039412021637
0.8617488145828247,0.2096366584300995
-1.2306030988693237,-0.3280380368232727
0.8617488145828247,-0.26656362414360046
-1.0696529150009155,-0.6209836602210999
3.276001214981079,0.14511314034461975
-0.2649022042751312,-0.5464210510253906
-1.0696529150009155,-0.4894168972969055
-0.5868024826049805,-0.43152207136154175
-1.2306030988693237,-0.5269579291343689
-0.9087027907371521,-0.3891933262348175
-0.9087027907371521,-0.31006577610969543
0.3788984417915344,-0.4423483610153198
0.8617488145828247,0.11904698610305786
-0.9087027907371521,-0.4822675585746765
0.7007986903190613,-0.3001735210418701
-1.2306030988693237,-0.47534602880477905
-0.7477526068687439,-0.3839907944202423
0.8617488145828247,0.15711553394794464
0.8617488145828247,0.3743687570095062
-0.5868024826049805,-0.1702745109796524
-0.42585232853889465,-0.039757177233695984
-0.9087027907371521,-0.5275573134422302
-0.9087027907371521,-0.38703453540802
-0.7477526068687439,-0.3664586544036865
-1.0696529150009155,-0.44947582483291626
-0.7477526068687439,-0.544783890247345
-0.9087027907371521,-0.41063225269317627
-1.2306030988693237,-0.41717591881752014
0.5398485660552979,0.341065376996994
0.7007986903190613,0.2701212465763092
-1.2306030988693237,-0.48531574010849
-0.9087027907371521,-0.5391608476638794
0.8617488145828247,0.168081134557724
-0.9087027907371521,0.2689056098461151
-0.7477526068687439,-0.0026272889226675034
-1.0696529150009155,-0.14914298057556152
-0.5868024826049805,-0.4256330132484436
1.0226991176605225,0.28929761052131653
-0.7477526068687439,-0.7970776557922363
-1.0696529150009155,-0.33135882019996643
-0.9087027907371521,-0.3961816132068634
0.8617488145828247,0.1505730003118515
-0.9087027907371521,-0.5865864157676697
-0.9087027907371521,-0.28882506489753723
-0.7477526068687439,-0.27972328662872314
0.7007986903190613,-0.03791048377752304
-0.9087027907371521,-0.32167571783065796
1.0226991176605225,-0.014118904247879982
0.8617488145828247,0.033039115369319916
-0.9087027907371521,-0.31837448477745056
0.8617488145828247,0.3953903913497925
-1.0696529150009155,-0.43392935395240784
-0.9087027907371521,-0.5055920481681824
0.7007986903190613,0.20576044917106628
-1.0696529150009155,-0.5228652358055115
0.7007986903190613,0.26268818974494934
-1.2306030988693237,-0.5466139912605286
0.8617488145828247,0.04548327252268791
-0.9087027907371521,-0.4859330654144287
-1.0696529150009155,-0.4762744605541229
-0.9087027907371521,-0.5860649943351746
1.0226991176605225,-0.13296444714069366
0.7007986903190613,0.42021292448043823
-1.2306030988693237,-0.5052057504653931
0.8617488145828247,-0.11417344212532043
-0.7477526068687439,-0.658156156539917
-0.9087027907371521,-0.570963978767395
0.8617488145828247,0.10478591918945312
-1.2306030988693237,-0.4160289168357849
-0.7477526068687439,-0.6287859082221985
3.5979018211364746,0.17060486972332
-0.7477526068687439,-0.4360188841819763
0.5398485660552979,0.2279856652021408
0.5398485660552979,0.26766765117645264
0.7007986903190613,0.08483893424272537
-0.5868024826049805,0.24016651511192322
0.5398485660552979,0.3568517863750458
0.7007986903190613,0.39503851532936096
-0.9087027907371521,-0.5907842516899109
-0.9087027907371521,-0.7316715121269226
0.8617488145828247,0.3731329143047333
-1.2306030988693237,-0.5226090550422668
0.5398485660552979,-0.42452794313430786
0.8617488145828247,0.44628360867500305
0.8617488145828247,0.19764357805252075
1.0226991176605225,0.2667335867881775
-1.0696529150009155,-0.4388331472873688
-0.7477526068687439,-0.4261680245399475
-1.0696529150009155,-0.2593179941177368
0.7007986903190613,0.314006507396698
0.5398485660552979,-0.134903222322464
-0.9087027907371521,-0.2841455042362213
-1.2306030988693237,-0.6341540813446045
0.8617488145828247,0.33709123730659485
-1.0696529150009155,-0.4058631360530853
0.8617488145828247,0.36416223645210266
-1.0696529150009155,-0.2761806845664978
-1.0696529150009155,0.007933025248348713
-1.0696529150009155,-0.22632552683353424
-1.0696529150009155,-0.5660772323608398
0.7007986903190613,-0.5924790501594543
-0.7477526068687439,-0.27596452832221985
0.7007986903190613,0.24747183918952942
-1.0696529150009155,-0.45674049854278564
-1.0696529150009155,-0.5316612124443054
-0.7477526068687439,-0.5637792348861694
-0.9087027907371521,-0.42269906401634216
1.5055495500564575,-0.0035541392862796783
-0.9087027907371521,0.2898750901222229
-1.0696529150009155,-0.5881075263023376
-1.0696529150009155,-0.3091226816177368
-1.0696529150009155,-0.39547279477119446
-0.9087027907371521,-0.4965304136276245
-0.7477526068687439,-0.37770554423332214
-1.2306030988693237,-0.6901354193687439
-0.9087027907371521,-0.2565324604511261
-0.7477526068687439,-0.4049549400806427
0.8617488145828247,-0.5959950089454651
-0.9087027907371521,-0.4631476104259491
-0.42585232853889465,-0.5615268349647522
-1.2306030988693237,-0.5580524802207947
-0.42585232853889465,-0.30431240797042847
0.7007986903190613,-0.13466811180114746
1.0226991176605225,-0.013363970443606377
-0.5868024826049805,-0.5613742470741272
0.7007986903190613,0.21305909752845764
-0.9087027907371521,0.1316145956516266
-0.9087027907371521,-0.5134006142616272
-0.7477526068687439,-0.3000849783420563
-1.0696529150009155,-0.5898414254188538
0.8617488145828247,0.28981953859329224
-0.5868024826049805,-0.22541524469852448
-0.7477526068687439,-0.46189603209495544
-0.9087027907371521,-0.5540423393249512
-0.9087027907371521,-0.43453341722488403
-1.2306030988693237,-0.0626952052116394
-0.5868024826049805,-0.2812114953994751
0.8617488145828247,0.08667806535959244
-0.9087027907371521,-0.5921181440353394
0.7007986903190613,0.4997794032096863
1.6664997339248657,0.32049867510795593
1.3445994853973389,0.28173813223838806
0.8617488145828247,0.4057489037513733
-0.2649022042751312,0.21155685186386108
0.5398485660552979,0.2136552631855011
-0.2649022042751312,-0.5289410948753357
0.5398485660552979,0.21808966994285583
2.9541008472442627,0.18042206764221191
0.7007986903190613,0.022233106195926666
1.0226991176605225,0.3488841950893402
-1.2306030988693237,0.026513583958148956
0.7007986903190613,-0.1553942710161209
-0.7477526068687439,-0.46933114528656006
-0.9087027907371521,-0.7802265882492065
1.0226991176605225,0.30380165576934814
0.8617488145828247,0.2805843651294708
-0.9087027907371521,-0.48970693349838257
0.7007986903190613,0.21753130853176117
-0.9087027907371521,-0.5891916155815125
-1.0696529150009155,-0.508468747138977
-0.9087027907371521,-0.48959702253341675
0.8617488145828247,0.13060574233531952
-0.2649022042751312,-0.27357718348503113
-0.9087027907371521,-0.6241517066955566
-0.9087027907371521,-0.5567592978477478
0.8617488145828247,0.018282277509570122
0.7007986903190613,0.12194808572530746
0.7007986903190613,0.11209143698215485
-0.9087027907371521,-0.8316171765327454
1.0226991176605225,0.24352750182151794
0.8617488145828247,0.25585946440696716
-0.10395195335149765,0.18490035831928253
-0.9087027907371521,-0.2780645489692688
0.7007986903190613,0.08910595625638962
-1.0696529150009155,-0.6910848021507263
-1.2306030988693237,-0.7015343904495239
-1.0696529150009155,-0.5721861720085144
1.0226991176605225,0.25609421730041504
-1.0696529150009155,-0.5524391531944275
-0.7477526068687439,-0.2386433184146881
0.8617488145828247,0.049111369997262955
-0.7477526068687439,-0.4429202675819397
-0.9087027907371521,-0.348585307598114
-0.9087027907371521,0.3779599070549011
-1.0696529150009155,-0.5069538950920105
0.7007986903190613,0.2957073748111725
-0.7477526068687439,0.025711122900247574
-1.0696529150009155,-0.5487611293792725
0.2179483026266098,-0.6304588317871094
-0.9087027907371521,-0.4837644696235657
0.7007986903190613,0.05105483531951904
0.7007986903190613,0.2533108592033386
0.7007986903190613,0.1530405580997467
0.3788984417915344,0.17620745301246643
0.5398485660552979,0.19107526540756226
1.0226991176605225,0.3640681207180023
-0.7477526068687439,-0.4813336133956909
-0.5868024826049805,-0.3593955338001251
-0.9087027907371521,0.36072880029678345
0.5398485660552979,0.1784970611333847
0.7007986903190613,0.12737934291362762
0.7007986903190613,0.08808240294456482
1.0226991176605225,0.36818715929985046
-0.9087027907371521,-0.6784760355949402
0.056998174637556076,-0.23275503516197205
-0.9087027907371521,-0.4367469549179077
0.7007986903190613,0.17438265681266785
-0.5868024826049805,-0.5659306645393372
0.8617488145828247,0.3563833236694336
-1.0696529150009155,-0.4409807324409485
1.0226991176605225,0.1223171129822731
1.1836493015289307,0.30589157342910767
0.7007986903190613,-0.5766185522079468
-1.0696529150009155,-0.6340513825416565
-1.0696529150009155,-0.5070870518684387
0.8617488145828247,0.24918606877326965
-0.2649022042751312,-0.6058205962181091
0.7007986903190613,0.04762418940663338
-0.7477526068687439,-0.28390005230903625
-0.9087027907371521,-0.3899794816970825
-1.0696529150009155,-0.6942731738090515
-0.7477526068687439,-0.38054895401000977
-1.2306030988693237,-0.22082847356796265
0.5398485660552979,0.12381533533334732
0.8617488145828247,-0.4415200352668762
-0.7477526068687439,-0.5160576701164246
0.8617488145828247,0.3744395077228546
-1.2306030988693237,-0.6232165694236755
-1.0696529150009155,-0.44799110293388367
-0.9087027907371521,-0.41582557559013367
-0.9087027907371521,0.3092021346092224
0.8617488145828247,0.1598406583070755
-0.9087027907371521,-0.5539916157722473
0.7007986903190613,0.1251589059829712
1.0226991176605225,0.2825605869293213
0.7007986903190613,0.30010148882865906
-0.5868024826049805,-0.3651445209980011
-0.7477526068687439,-0.4983157515525818
0.8617488145828247,0.22186769545078278
-0.9087027907371521,-0.5916341543197632
-0.9087027907371521,-0.49961376190185547
-1.0696529150009155,-0.34534913301467896
-0.7477526068687439,-0.32696035504341125
-0.7477526068687439,-0.3451901078224182
-0.5868024826049805,-0.607083261013031
0.2179483026266098,-0.39583051204681396
0.5398485660552979,-0.5211904048919678
-0.7477526068687439,-0.463064581155777
-1.2306030988693237,-0.5592688918113708
-0.7477526068687439,-0.45999354124069214
0.3788984417915344,-0.5754532814025879
-0.42585232853889465,0.2504476010799408
-0.2649022042751312,0.1741640865802765
-0.2649022042751312,0.3986263573169708
1.6664997339248657,0.20421916246414185
0.7007986903190613,0.3020254671573639
-1.2306030988693237,-0.49168211221694946
-0.7477526068687439,-0.4775991439819336
0.056998174637556076,0.19183364510536194
-0.9087027907371521,-0.4769209027290344
-0.5868024826049805,-0.21824823319911957
-0.7477526068687439,-0.30686110258102417
1.0226991176605225,0.4378439486026764
0.7007986903190613,0.30987295508384705
-1.2306030988693237,0.35571926832199097
-0.9087027907371521,-0.38577666878700256
-0.7477526068687439,-0.4828662872314453
0.7007986903190613,0.2784183919429779
0.7007986903190613,-0.5377340912818909
-0.9087027907371521,-0.5854012370109558
-0.9087027907371521,-0.5102153420448303
-1.0696529150009155,-0.5355064868927002
0.8617488145828247,0.1639430820941925
-1.0696529150009155,-0.598935067653656
0.056998174637556076,-0.5160287022590637
0.7007986903190613,0.24634279310703278
0.7007986903190613,0.27787262201309204
-1.0696529150009155,-0.47542205452919006
-0.7477526068687439,-0.21250620484352112
-1.0696529150009155,-0.5428390502929688
0.8617488145828247,0.24949043989181519
-0.7477526068687439,-0.4492461085319519
-1.0696529150009155,-0.4175117611885071
-0.7477526068687439,-0.15977880358695984
0.2179483026266098,-0.4203147292137146
1.0226991176605225,0.05076706409454346
0.7007986903190613,0.12982557713985443
-0.9087027907371521,-0.3199889063835144
-0.9087027907371521,-0.5060095191001892
0.7007986903190613,0.11865971237421036
-1.0696529150009155,-0.15713287889957428
-0.7477526068687439,-0.5375582575798035
1.0226991176605225,0.3402197062969208
0.5398485660552979,0.13141554594039917
-0.9087027907371521,-0.4556896686553955
-0.42585232853889465,-0.5917878746986389
0.8617488145828247,0.34991297125816345
0.5398485660552979,0.2852284610271454
-0.7477526068687439,-0.5023798942565918
-1.0696529150009155,-0.37602126598358154
0.8617488145828247,0.059069521725177765
1.5055495500564575,0.43641889095306396
-0.9087027907371521,-0.4627167582511902
-0.9087027907371521,-0.5158516764640808
-1.2306030988693237,-0.4561798572540283
-0.9087027907371521,-0.674871027469635
0.5398485660552979,0.4933505356311798
0.8617488145828247,0.3374505043029785
0.7007986903190613,-0.15925070643424988
-1.0696529150009155,-0.5498384237289429
-0.9087027907371521,-0.32472655177116394
-0.9087027907371521,-0.40195125341415405
-1.2306030988693237,-0.6355502605438232
-1.0696529150009155,-0.5331887602806091
0.7007986903190613,0.261868417263031
-0.9087027907371521,-0.5141730904579163
0.8617488145828247,0.03184785321354866
0.7007986903190613,0.42159000039100647
-0.7477526068687439,-0.4012235403060913
0.7007986903190613,0.17779451608657837
-1.2306030988693237,-0.45254844427108765
0.8617488145828247,0.2606824040412903
-0.9087027907371521,-0.5678679943084717
-1.0696529150009155,-0.5392837524414062
-1.0696529150009155,-0.41554898023605347
-1.0696529150009155,-0.6681321263313293
0.8617488145828247,0.3703485131263733
0.8617488145828247,0.41479480266571045
-0.7477526068687439,0.3754025399684906
0.8617488145828247,0.19875375926494598
-0.9087027907371521,0.3106898367404938
-1.0696529150009155,-0.5136488676071167
0.8617488145828247,-0.08402486890554428
0.8617488145828247,0.06909296661615372
-1.2306030988693237,-0.5250474810600281
0.5398485660552979,0.13103795051574707
0.8617488145828247,0.06654464453458786
0.7007986903190613,0.08506081998348236
-0.7477526068687439,-0.22168542444705963
-0.9087027907371521,-0.4913913607597351
-0.2649022042751312,-0.6439669728279114
0.8617488145828247,-0.009647013619542122
0.8617488145828247,0.24248634278774261
0.7007986903190613,0.14648091793060303
-0.5868024826049805,-0.4228961765766144
0.5398485660552979,0.03827109560370445
0.8617488145828247,0.1691151261329651
-0.7477526068687439,-0.4278372824192047
-0.42585232853889465,-0.49415433406829834
-1.0696529150009155,-0.4642336368560791
-0.9087027907371521,-0.46404120326042175
-0.7477526068687439,-0.5199625492095947
1.0226991176605225,0.3599877655506134
-0.7477526068687439,-0.320602148771286
1.3445994853973389,0.10633969306945801
-1.0696529150009155,-0.46333301067352295
-1.0696529150009155,-0.3700282573699951
-0.2649022042751312,-0.39379099011421204
0.7007986903190613,0.21106857061386108
-1.0696529150009155,-0.2606012225151062
-0.42585232853889465,-0.472465455532074
0.7007986903190613,0.07459639012813568
2.6322009563446045,0.2909001111984253
1.9883999824523926,0.1702033281326294
-1.0696529150009155,-0.534288227558136
-0.42585232853889465,-0.321049302816391
-0.9087027907371521,-0.4918748736381531
2.310300350189209,0.2178751528263092
-0.9087027907371521,-0.7197679877281189
0.7007986903190613,-0.03610074520111084
-0.9087027907371521,-0.6944706439971924
0.5398485660552979,0.25974875688552856
-0.7477526068687439,-0.6321088671684265
-0.9087027907371521,-0.3354122042655945
-0.7477526068687439,-0.6393082737922668
0.5398485660552979,0.33206599950790405
0.8617488145828247,0.29723718762397766
1.0226991176605225,-0.5856549143791199
-0.9087027907371521,-0.5409370064735413
0.8617488145828247,0.44466525316238403
0.7007986903190613,0.0944792628288269
-0.9087027907371521,-0.6964779496192932
3.115051031112671,0.22788727283477783
-0.9087027907371521,-0.5357179045677185
0.8617488145828247,-0.6108809113502502
-0.9087027907371521,-0.17785131931304932
-0.9087027907371521,-0.5581161379814148
-1.2306030988693237,0.42391741275787354
0.5398485660552979,0.32873547077178955
0.2179483026266098,0.2829071879386902
-1.2306030988693237,-0.4094197750091553
-1.2306030988693237,-0.4231644570827484
0.7007986903190613,0.1009785458445549
-0.9087027907371521,-0.6988955140113831
2.310300350189209,0.2475578486919403
-0.7477526068687439,0.14985346794128418
0.8617488145828247,0.2568185329437256
3.276001214981079,0.03119996190071106
1.0226991176605225,0.19315189123153687
-0.9087027907371521,-0.44964319467544556
0.8617488145828247,-0.4554000496864319
-0.9087027907371521,-0.39842575788497925
-0.9087027907371521,-0.5353336930274963
0.8617488145828247,0.22656939923763275
0.8617488145828247,-0.1186511218547821
0.8617488145828247,0.35541221499443054
0.5398485660552979,0.26223424077033997
-0.9087027907371521,-0.6776710152626038
0.8617488145828247,0.49826300144195557
-0.5868024826049805,0.2962644696235657
0.8617488145828247,-0.08220533281564713
0.7007986903190613,0.48813748359680176
-0.7477526068687439,-0.5563827753067017
0.7007986903190613,0.41259437799453735
-0.9087027907371521,-0.5935103893280029
2.471250534057617,0.3459087908267975
0.7007986903190613,0.37875285744667053
-0.7477526068687439,0.03458359092473984
0.8617488145828247,0.2838060259819031
-1.0696529150009155,-0.09006253629922867
0.7007986903190613,-0.0389750599861145
0.8617488145828247,0.21857957541942596
0.8617488145828247,0.1532619595527649
-0.9087027907371521,-0.6671501994132996
-0.42585232853889465,-0.3000892698764801
-1.2306030988693237,-0.48108386993408203
-0.9087027907371521,-0.2582463026046753
0.5398485660552979,0.28824949264526367
1.0226991176605225,0.3974008560180664
0.7007986903190613,0.3240058720111847
1.0226991176605225,-0.44991159439086914
0.8617488145828247,0.4636695086956024
0.7007986903190613,0.3682411313056946
0.8617488145828247,0.37297365069389343
0.7007986903190613,0.14192844927310944
-0.9087027907371521,-0.43649545311927795
-0.9087027907371521,-0.4734695255756378
-1.0696529150009155,-0.81241375207901
1.0226991176605225,-0.7302558422088623
0.5398485660552979,0.057243138551712036
-1.0696529150009155,-0.6619912385940552
-0.5868024826049805,-0.4008023142814636
-0.7477526068687439,-0.44430050253868103
-0.7477526068687439,-0.39196446537971497
-0.9087027907371521,-0.6099234223365784
-1.0696529150009155,-0.6525077819824219
-0.9087027907371521,-0.3732660710811615
-0.7477526068687439,-0.7649533152580261
-0.7477526068687439,-0.20273122191429138
-0.9087027907371521,-0.39471176266670227
0.5398485660552979,0.2096114307641983
-1.0696529150009155,-0.3833830654621124
-1.2306030988693237,-0.32586172223091125
-0.9087027907371521,-0.20498090982437134
2.6322009563446045,0.0919993445277214
0.8617488145828247,-0.05004628002643585
0.7007986903190613,-0.29312288761138916
-0.7477526068687439,-0.6313028931617737
0.7007986903190613,0.18494340777397156
0.7007986903190613,0.12507785856723785
-1.0696529150009155,-0.5578097701072693
0.8617488145828247,0.007680182345211506
-1.0696529150009155,-0.4787663221359253
-0.7477526068687439,-0.6073973774909973
-0.7477526068687439,-0.2536092698574066
-0.7477526068687439,-0.6351816058158875
-1.2306030988693237,-0.35169827938079834
1.0226991176605225,0.3712363839149475
-0.9087027907371521,0.043949149549007416
1.0226991176605225,-0.01028597541153431
-0.9087027907371521,-0.5442530512809753
-0.9087027907371521,-0.4412963390350342
